rank,title,citations,downloads,article_type,top %
1,Evaluating Retrieval Quality in Retrieval-Augmented Generation,4,2926,short-paper,0.26
2,The Power of Noise: Redefining Retrieval for RAG Systems,4,2666,research-article,0.51
3,Data-efficient Fine-tuning for LLM-based Recommendation,5,1791,research-article,0.77
4,On Generative Agents in Recommendation,9,1378,research-article,1.03
5,A Field Guide to Automatic Evaluation of LLM-Generated Summaries,0,1265,short-paper,1.29
6,Large Language Models and Future of Information Retrieval: Opportunities and Challenges,0,1232,research-article,1.54
7,Large Language Models can Accurately Predict Searcher Preferences,7,1012,research-article,1.8
8,Large Language Models for Tabular Data: Progresses and Future Directions,0,944,tutorial,2.06
9,Preventing and Detecting Misinformation Generated by Large Language Models,0,856,tutorial,2.31
10,RAG-Ex: A Generic Framework for Explaining Retrieval Augmented Generation,0,802,short-paper,2.57
11,LDRE: LLM-based Divergent Reasoning and Ensemble for Zero-Shot Composed Image Retrieval,0,782,research-article,2.83
12,A Setwise Approach for Effective and Highly Efficient Zero-shot Ranking with Large Language Models,1,764,research-article,3.08
13,Enhancing Sequential Recommenders with Augmented Knowledge from Aligned Large Language Models,0,731,research-article,3.34
14,Scaling Laws For Dense Retrieval,0,729,research-article,3.6
15,Retrieval-Augmented Generation with Knowledge Graphs for Customer Service Question Answering,1,691,short-paper,3.86
16,Optimization Methods for Personalizing Large Language Models through Retrieval Augmentation,4,663,research-article,4.11
17,Doing Personal LAPS: LLM-Augmented Dialogue Construction for Personalized Multi-Session Conversational Search,1,640,research-article,4.37
17,Stochastic RAG: End-to-End Retrieval-Augmented Generation through Expected Utility Maximization,2,640,short-paper,4.37
19,GraphGPT: Graph Instruction Tuning for Large Language Models,6,638,research-article,4.88
20,LLaRA: Large Language-Recommendation Assistant,4,628,research-article,5.14
21,IM-RAG: Multi-Round Retrieval-Augmented Generation Through Learning Inner Monologues,0,622,research-article,5.4
22,IDGenRec: LLM-RecSys Alignment with Textual ID Learning,2,619,research-article,5.66
23,"OpenP5: An Open-Source Platform for Developing, Training, and Evaluating LLM-based Recommender Systems",0,603,research-article,5.91
24,Reinforcement Learning-based Recommender Systems with Large Language Models for State Reward and Action Modeling,0,557,research-article,6.17
25,Multi-Domain Sequential Recommendation via Domain Space Learning,0,525,research-article,6.43
26,Fine-Tuning LLaMA for Multi-Stage Text Retrieval,0,509,short-paper,6.68
27,Towards Human-centered Proactive Conversational Agents,0,508,research-article,6.94
28,Sequential Recommendation with Latent Relations based on Large Language Model,1,478,research-article,7.2
29,Steering Large Language Models for Cross-lingual Information Retrieval,0,459,research-article,7.46
30,MoME: Mixture-of-Masked-Experts for Efficient Multi-Task Recommendation,0,448,short-paper,7.71
31,PAG-LLM: Paraphrase and Aggregate with Large Language Models for Minimizing Intent Classification Errors,0,447,short-paper,7.97
32,Scaling Sequential Recommendation Models with Transformers,0,446,research-article,8.23
33,Evaluating Generative Ad Hoc Information Retrieval,2,440,research-article,8.48
34,CMCLRec: Cross-modal Contrastive Learning for User Cold-start Sequential Recommendation,0,436,research-article,8.74
35,What Matters in a Measure? A Perspective from Large-Scale Search Evaluation,0,434,research-article,9.0
36,Large Language Models for Intent-Driven Session Recommendations,1,433,research-article,9.25
37,When MOE Meets LLMs: Parameter Efficient Fine-tuning for Multi-task Medical Applications,0,426,research-article,9.51
38,Let Me Do It For You: Towards LLM Empowered Recommendation via Tool Learning,2,425,research-article,9.77
39,Breaking the Length Barrier: LLM-Enhanced CTR Prediction in Long Textual User Behaviors,1,404,short-paper,10.03
40,IR-RAG @ SIGIR24: Information Retrieval's Role in RAG Systems,0,394,short-paper,10.28
41,A Large Scale Test Corpus for Semantic Table Search,0,384,research-article,10.54
42,Empowering Large Language Models: Tool Learning for Real-World Interaction,0,382,tutorial,10.8
43,TransGNN: Harnessing the Collaborative Power of Transformers and Graph Neural Networks for Recommender Systems,0,381,research-article,11.05
44,Ranked List Truncation for Large Language Model-based Re-Ranking,1,380,research-article,11.31
44,Old IR Methods Meet RAG,0,380,short-paper,11.31
46,Fine-grained Textual Inversion Network for Zero-Shot Composed Image Retrieval,1,370,research-article,11.83
47,LLM4Eval: Large Language Model for Evaluation in IR,0,369,short-paper,12.08
48,IISAN: Efficiently Adapting Multimodal Representation for Sequential Recommendation with Decoupled PEFT,1,368,research-article,12.34
49,Who To Align With: Feedback-Oriented Multi-Modal Alignment in Recommendation Systems,0,366,research-article,12.6
50,Towards a Search Engine for Machines: Unified Ranking for Multiple Retrieval-Augmented Large Language Models,0,361,research-article,12.85
51,MACRec: A Multi-Agent Collaboration Framework for Recommendation,0,357,short-paper,13.11
52,EditKG: Editing Knowledge Graph for Recommendation,0,356,research-article,13.37
53,Deep Pattern Network for Click-Through Rate Prediction,0,345,research-article,13.62
54,A Generic Behavior-Aware Data Augmentation Framework for Sequential Recommendation,0,344,research-article,13.88
55,Large Language Model Powered Agents for Information Retrieval,0,341,tutorial,14.14
56,Efficient Inverted Indexes for Approximate Retrieval over Learned Sparse Representations,0,339,research-article,14.4
57,Diffusion Models for Generative Outfit Recommendation,0,335,research-article,14.65
57,Large Language Models are Learnable Planners for Long-Term Recommendation,2,335,research-article,14.65
57,Img2Loc: Revisiting Image Geolocalization using Multi-modality Foundation Models and Image-based Retrieval-Augmented Generation,0,335,short-paper,14.65
60,LLM-enhanced Cascaded Multi-level Learning on Temporal Heterogeneous Graphs,0,333,research-article,15.42
61,A Workbench for Autograding Retrieve/Generate Systems,1,332,research-article,15.68
62,LoRec: Combating Poisons with Large Language Model for Robust Sequential Recommendation,1,330,research-article,15.94
63,MetaHKG: Meta Hyperbolic Learning for Few-shot Temporal Reasoning,0,329,research-article,16.2
64,Content-based Graph Reconstruction for Cold-start Item Recommendation,0,326,research-article,16.45
65,Large Language Models for Next Point-of-Interest Recommendation,1,323,research-article,16.71
66,Broadening the View: Demonstration-augmented Prompt Learning for Conversational Recommendation,0,318,research-article,16.97
67,Dimension Importance Estimation for Dense Information Retrieval,0,310,research-article,17.22
67,Generalizable Tip-of-the-Tongue Retrieval with LLM Re-ranking,0,310,short-paper,17.22
69,"Large Language Models for Recommendation: Past, Present, and Future",0,308,tutorial,17.74
70,Modeling User Fatigue for Sequential Recommendation,0,305,research-article,17.99
71,Fake News Detection via Multi-scale Semantic Alignment and Cross-modal Attention,0,304,short-paper,18.25
72,Invisible Relevance Bias: Text-Image Retrieval Models Prefer AI-Generated Images,0,303,research-article,18.51
73,SuicidEmoji: Derived Emoji Dataset and Tasks for Suicide-Related Social Content,0,302,research-article,18.77
74,Graph Reasoning Enhanced Language Models for Text-to-SQL,0,299,short-paper,19.02
75,Graph Signal Diffusion Model for Collaborative Filtering,0,298,research-article,19.28
75,Pacer and Runner: Cooperative Learning Framework between Single- and Cross-Domain Sequential Recommendation,0,298,research-article,19.28
77,Identifiability of Cross-Domain Recommendation via Causal Subspace Disentanglement,0,294,research-article,19.79
77,Multi-intent-aware Session-based Recommendation,0,294,short-paper,19.79
79,EasyRL4Rec: An Easy-to-use Library for Reinforcement Learning Based Recommender Systems,0,292,research-article,20.31
80,Exploring Multi-Scenario Multi-Modal CTR Prediction with a Large Scale Dataset,0,291,research-article,20.57
81,Fair Sequential Recommendation without User Demographics,0,288,research-article,20.82
81,Behavior Alignment: A New Perspective of Evaluating LLM-based Conversational Recommendation Systems,0,288,short-paper,20.82
83,Denoising Diffusion Recommender Model,1,287,research-article,21.34
84,LLM-Ensemble: Optimal Large Language Model Ensemble Method for E-commerce Product Attribute Value Extraction,2,282,short-paper,21.59
85,Disentangled Contrastive Hypergraph Learning for Next POI Recommendation,0,281,research-article,21.85
85,What do Users Really Ask Large Language Models? An Initial Log Analysis of Google Bard Interactions in the Wild,2,281,short-paper,21.85
85,Scalable Community Search over Large-scale Graphs based on Graph Transformer,1,281,research-article,21.85
88,Going Beyond Popularity and Positivity Bias: Correcting for Multifactorial Bias in Recommender Systems,0,280,research-article,22.62
89,Adaptive In-Context Learning with Large Language Models for Bundle Generation,0,274,research-article,22.88
90,On the Evaluation of Machine-Generated Reports,1,272,research-article,23.14
90,Unsupervised Large Language Model Alignment for Information Retrieval via Contrastive Feedback,0,272,research-article,23.14
92,Leveraging LLMs for Unsupervised Dense Retriever Ranking,1,269,research-article,23.65
93,Aiming at the Target: Filter Collaborative Information for Cross-Domain Recommendation,0,268,research-article,23.91
93,MeMemo: On-device Retrieval Augmentation for Private and Personalized Text Generation,0,268,short-paper,23.91
93,UGNCL: Uncertainty-Guided Noisy Correspondence Learning for Efficient Cross-Modal Matching,0,268,research-article,23.91
96,FeB4RAG: Evaluating Federated Search in the Context of Retrieval Augmented Generation,0,266,research-article,24.68
97,Generative Retrieval as Multi-Vector Dense Retrieval,1,262,research-article,24.94
98,EEG-SVRec: An EEG Dataset with User Multidimensional Affective Engagement Labels in Short Video Recommendation,0,259,research-article,25.19
98,DHMAE: A Disentangled Hypergraph Masked Autoencoder for Group Recommendation,0,259,research-article,25.19
100,TRAD: Enhancing LLM Agents with Step-Wise Thought Retrieval and Aligned Decision,0,256,research-article,25.71
101,Multi-view Mixed Attention for Contrastive Learning on Hypergraphs,0,254,short-paper,25.96
102,Modeling Domains as Distributions with Uncertainty for Cross-Domain Recommendation,0,253,short-paper,26.22
103,Beyond Accuracy: Investigating Error Types in GPT-4 Responses to USMLE Questions,0,251,research-article,26.48
104,Planning Ahead in Generative Retrieval: Guiding Autoregressive Generation through Simultaneous Decoding,0,247,research-article,26.74
105,An Empirical Analysis on Multi-turn Conversational Recommender Systems,0,246,research-article,26.99
106,Fairness-Aware Exposure Allocation via Adaptive Reranking,0,242,research-article,27.25
107,NativE: Multi-modal Knowledge Graph Completion in the Wild,0,241,research-article,27.51
108,On the Negative Perception of Cross-domain Recommendations and Explanations,0,237,research-article,27.76
108,Are Large Language Models Good at Utility Judgments?,1,237,research-article,27.76
108,M3oE: Multi-Domain Multi-Task Mixture-of Experts Recommendation Framework,0,237,research-article,27.76
111,Can Query Expansion Improve Generalization of Strong Cross-Encoder Rankers?,0,234,short-paper,28.53
112,Optimal Transport Enhanced Cross-City Site Recommendation,0,233,research-article,28.79
113,Characterizing Information Seeking Processes with Multiple Physiological Signals,2,232,research-article,29.05
113,Can We Trust Recommender System Fairness Evaluation? The Role of Fairness and Relevance,0,232,research-article,29.05
115,Graph Diffusive Self-Supervised Learning for Social Recommendation,0,229,short-paper,29.56
116,CLLP: Contrastive Learning Framework Based on Latent Preferences for Next POI Recommendation,0,228,research-article,29.82
117,Multimodal Representation and Retrieval [MRR 2024],0,225,short-paper,30.08
118,TGOnline: Enhancing Temporal Graph Learning with Adaptive Online Meta-Learning,0,224,research-article,30.33
118,SelfGNN: Self-Supervised Graph Neural Networks for Sequential Recommendation,0,224,research-article,30.33
120,Neural Passage Quality Estimation for Static Pruning,0,220,research-article,30.85
120,Unbiased Learning-to-Rank Needs Unconfounded Propensity Estimation,0,220,research-article,30.85
122,Unbiased Learning to Rank Meets Reality: Lessons from Baidu's Large-Scale Search Dataset,0,219,research-article,31.36
123,"Search under Uncertainty: Cognitive Biases and Heuristics: A Tutorial on Testing, Mitigating and Accounting for Cognitive Biases in Search Experiments",0,216,tutorial,31.62
124,Representation Learning and Information Retrieval,0,214,keynote,31.88
125,"""In-Context Learning"" or: How I learned to stop worrying and love ""Applied Information Retrieval""",0,213,research-article,32.13
125,Self-Explainable Next POI Recommendation,0,213,short-paper,32.13
125,LLMGR: Large Language Model-based Generative Retrieval in Alipay Search,0,213,short-paper,32.13
128,Sequential Recommendation with Collaborative Explanation via Mutual Information Maximization,0,211,research-article,32.9
128,Rethinking the Evaluation of Dialogue Systems: Effects of User Feedback on Crowdworkers and LLMs,0,211,research-article,32.9
130,Unsupervised Cross-Domain Image Retrieval with Semantic-Attended Mixture-of-Experts,0,210,research-article,33.42
131,Amazon-KG: A Knowledge Graph Enhanced Cross-Domain Recommendation Dataset,0,208,research-article,33.68
132,Timeline Summarization in the Era of LLMs,0,206,short-paper,33.93
132,FineRec: Exploring Fine-grained Sequential Recommendation,0,206,research-article,33.93
134,Collaborative Filtering Based on Diffusion Models: Unveiling the Potential of High-Order Connectivity,0,205,research-article,34.45
135,Exploring the Trade-Off within Visual Information for MultiModal Sentence Summarization,0,204,research-article,34.7
136,Gen-IR @ SIGIR 2024: The Second Workshop on Generative Information Retrieval,0,201,short-paper,34.96
137,ReFer: Retrieval-Enhanced Vertical Federated Recommendation for Full Set User Benefit,0,200,research-article,35.22
138,DAC: Quantized Optimal Transport Reward-based Reinforcement Learning Approach to Detoxify Query Auto-Completion,0,199,research-article,35.48
139,SPLATE: Sparse Late Interaction Retrieval,0,197,short-paper,35.73
140,General-Purpose User Modeling with Behavioral Logs: A Snapchat Case Study,0,196,short-paper,35.99
140,A Semantic Search Engine for Helping Patients Find Doctors and Locations in a Large Healthcare Organization,0,196,short-paper,35.99
142,Cluster-based Partial Dense Retrieval Fused with Sparse Text Retrieval,0,194,short-paper,36.5
142,Behavior Pattern Mining-based Multi-Behavior Recommendation,0,194,short-paper,36.5
144,Multimodality Invariant Learning for Multimedia-Based New Item Recommendation,0,193,research-article,37.02
144,Hypergraph Convolutional Network for User-Oriented Fairness in Recommender Systems,0,193,research-article,37.02
144,Minimizing Live Experiments in Recommender Systems: User Simulation to Evaluate Preference Elicitation Policies,0,193,short-paper,37.02
147,A Persona-Infused Cross-Task Graph Network for Multimodal Emotion Recognition with Emotion Shift Detection in Conversations,0,192,short-paper,37.79
148,Explainable Uncertainty Attribution for Sequential Recommendation,0,191,short-paper,38.05
148,unKR: A Python Library for Uncertain Knowledge Graph Reasoning by Representation Learning,0,191,short-paper,38.05
148,Self-Improving Teacher Cultivates Better Student: Distillation Calibration for Multimodal Large Language Models,0,191,research-article,38.05
148,OpenSiteRec: An Open Dataset for Site Recommendation,0,191,research-article,38.05
152,GPT4Rec: Graph Prompt Tuning for Streaming Recommendation,0,190,research-article,39.07
153,A Question-Answering Assistant over Personal Knowledge Graph,0,189,short-paper,39.33
154,Reinforcing Long-Term Performance in Recommender Systems with User-Oriented Exploration Policy,1,188,research-article,39.59
154,Legal Statute Identification: A Case Study using State-of-the-Art Datasets and Methods,0,188,research-article,39.59
156,An E-Commerce Dataset Revealing Variations during Sales,0,185,research-article,40.1
156,Capability-aware Prompt Reformulation Learning for Text-to-Image Generation,0,185,research-article,40.1
156,Let Me Show You Step by Step: An Interpretable Graph Routing Network for Knowledge-based Visual Question Answering,0,185,research-article,40.1
159,ResumeFlow: An LLM-facilitated Pipeline for Personalized Resume Generation and Refinement,0,184,short-paper,40.87
159,MIND Your Language: A Multilingual Dataset for Cross-lingual News Recommendation,1,184,research-article,40.87
161,Multi-Layer Ranking with Large Language Models for News Source Recommendation,0,183,short-paper,41.39
161,Retrieval-Augmented Conversational Recommendation with Prompt-based Semi-Structured Natural Language State Tracking,1,183,short-paper,41.39
163,Cross-reconstructed Augmentation for Dual-target Cross-domain Recommendation,0,182,short-paper,41.9
163,SIGformer: Sign-aware Graph Transformer for Recommendation,2,182,research-article,41.9
165,Leveraging LLMs for Detecting and Modeling the Propagation of Misinformation in Social Networks,0,181,abstract,42.42
166,CorpusLM: Towards a Unified Language Model on Corpus for Knowledge-Intensive Tasks,0,180,research-article,42.67
167,Towards Robust QA Evaluation via Open LLMs,0,179,short-paper,42.93
167,Using Large Language Models for Math Information Retrieval,0,179,short-paper,42.93
169,Drop your Decoder: Pre-training with Bag-of-Word Prediction for Dense Passage Retrieval.,0,178,research-article,43.44
170,AFDGCF: Adaptive Feature De-correlation Graph Collaborative Filtering for Recommendations,0,177,research-article,43.7
171,Simple but Effective Raw-Data Level Multimodal Fusion for Composed Image Retrieval,0,176,research-article,43.96
172,Robust Information Retrieval,0,174,tutorial,44.22
173,Negative Sampling Techniques for Dense Passage Retrieval in a Multilingual Setting,0,173,research-article,44.47
173,Can LLMs Master Math? Investigating Large Language Models on Math Stack Exchange,0,173,short-paper,44.47
175,Disentangling ID and Modality Effects for Session-based Recommendation,0,172,research-article,44.99
176,Are We Really Achieving Better Beyond-Accuracy Performance in Next Basket Recommendation?,0,170,research-article,45.24
176,Surprising Efficacy of Fine-Tuned Transformers for Fact-Checking over Larger Language Models,0,170,short-paper,45.24
178,A Learning-to-Rank Formulation of Clustering-Based Approximate Nearest Neighbor Search,0,169,short-paper,45.76
178,Transformer-based Reasoning for Learning Evolutionary Chain of Events on Temporal Knowledge Graph,0,169,research-article,45.76
180,Homogeneous-listing-augmented Self-supervised Multimodal Product Title Refinement,0,167,short-paper,46.27
180,Evaluating Search System Explainability with Psychometrics and Crowdsourcing,0,167,research-article,46.27
180,IdmGAE: Importance-Inspired Dynamic Masking for Graph Autoencoders,0,167,short-paper,46.27
183,CLIP-Branches: Interactive Fine-Tuning for Text-Image Retrieval,0,166,short-paper,47.04
184,Synthetic Query Generation using Large Language Models for Virtual Assistants,0,165,short-paper,47.3
185,Exogenous and Endogenous Data Augmentation for Low-Resource Complex Named Entity Recognition,0,164,research-article,47.56
185,Mutual Information-based Preference Disentangling and Transferring for Non-overlapped Multi-target Cross-domain Recommendations,0,164,research-article,47.56
187,Optimizing Learning-to-Rank Models for Ex-Post Fair Relevance,0,163,research-article,48.07
187,Embedding Based Deduplication in E-commerce AutoComplete,0,163,short-paper,48.07
189,Improving Embedding-Based Retrieval in Friend Recommendation with ANN Query Expansion,0,162,short-paper,48.59
190,Neural Click Models for Recommender Systems,0,161,short-paper,48.84
191,DDPO: Direct Dual Propensity Optimization for Post-Click Conversion Rate Estimation,0,160,research-article,49.1
191,Counterfactual Ranking Evaluation with Flexible Click Models,1,160,research-article,49.1
191,Generative Retrieval via Term Set Generation,0,160,research-article,49.1
194,Leave No Patient Behind: Enhancing Medication Recommendation for Rare Disease Patients,0,159,research-article,49.87
194,Dataset and Models for Item Recommendation Using Multi-Modal User Interactions,0,159,research-article,49.87
196,ProCIS: A Benchmark for Proactive Retrieval in Conversations,0,157,research-article,50.39
196,Combining Large Language Models and Crowdsourcing for Hybrid Human-AI Misinformation Detection,0,157,short-paper,50.39
198,ScholarNodes: Applying Content-based Filtering to Recommend Interdisciplinary Communities within Scholarly Social Networks,0,156,short-paper,50.9
198,Contrast then Memorize: Semantic Neighbor Retrieval-Enhanced Inductive Multimodal Knowledge Graph Completion,0,156,research-article,50.9
200,CFIR: Fast and Effective Long-Text To Image Retrieval for Large Corpora,0,155,research-article,51.41
200,Synthetic Test Collections for Retrieval Evaluation,0,155,short-paper,51.41
202,Resources for Combining Teaching and Research in Information Retrieval Coursework,1,154,research-article,51.93
203,Truth-O-Meter: Handling Multiple Inconsistent Sources Repairing LLM Hallucinations,0,153,short-paper,52.19
203,GATS: Generative Audience Targeting System for Online Advertising,0,153,short-paper,52.19
205,Configurable Fairness for New Item Recommendation Considering Entry Time of Items,0,152,research-article,52.7
205,Sequential Recommendation for Optimizing Both Immediate Feedback and Long-term Retention,0,152,research-article,52.7
207,Dynamic Demonstration Retrieval and Cognitive Understanding for Emotional Support Conversation,0,149,research-article,53.21
207,Misinformation Mitigation Praxis: Lessons Learned and Future Directions from CoÂ·Insights,0,149,short-paper,53.21
209,Predicting Micro-video Popularity via Multi-modal Retrieval Augmentation,0,147,short-paper,53.73
210,MIRROR: A Multi-View Reciprocal Recommender System for Online Recruitment,0,146,research-article,53.98
210,Striking the Right Chord: A Comprehensive Approach to Amazon Music Search Spell Correction,0,146,short-paper,53.98
210,CivilSum: A Dataset for Abstractive Summarization of Indian Court Decisions,0,146,research-article,53.98
210,Revisit Targeted Model Poisoning on Federated Recommendation: Optimize via Multi-objective Transport,0,146,research-article,53.98
210,Multilingual Meta-Distillation Alignment for Semantic Retrieval,0,146,research-article,53.98
215,Unifying Graph Retrieval and Prompt Tuning for Graph-Grounded Text Classification,0,145,short-paper,55.27
216,Behavior-Contextualized Item Preference Modeling for Multi-Behavior Recommendation,0,144,research-article,55.53
217,Masked Graph Transformer for Large-Scale Recommendation,0,142,short-paper,55.78
217,UniSAR: Modeling User Transition Behaviors between Search and Recommendation,1,142,research-article,55.78
217,Universal Adversarial Perturbations for Vision-Language Pre-trained Models,0,142,research-article,55.78
220,Grand: A Fast and Accurate Graph Retrieval Framework via Knowledge Distillation,0,139,research-article,56.56
221,Multi-granular Adversarial Attacks against Black-box Neural Ranking Models,1,138,research-article,56.81
221,Enhancing Dataset Search with Compact Data Snippets,0,138,research-article,56.81
223,Inferring Climate Change Stances from Multimodal Tweets,0,137,short-paper,57.33
223,C-Pack: Packed Resources For General Chinese Embeddings,3,137,research-article,57.33
223,Revisiting Document Expansion and Filtering for Effective First-Stage Retrieval,0,137,research-article,57.33
226,Flexible and Adaptable Summarization via Expertise Separation,0,136,research-article,58.1
227,Improving In-Context Learning via Sequentially Selection and Preference Alignment for Few-Shot Aspect-Based Sentiment Analysis,0,135,short-paper,58.35
227,EulerFormer: Sequential User Behavior Modeling with Complex Vector Attention,0,135,research-article,58.35
229,Axiomatic Causal Interventions for Reverse Engineering Relevance Computation in Neural Retrieval Models,0,134,research-article,58.87
229,M2-RAAP: A Multi-Modal Recipe for Advancing Adaptation-based Pre-training towards Effective and Efficient Zero-shot Video-text Retrieval,0,134,research-article,58.87
229,Unbiased Validation of Technology-Assisted Review for eDiscovery,0,134,short-paper,58.87
229,Semi-supervised Prototype Semantic Association Learning for Robust Cross-modal Retrieval,0,134,research-article,58.87
233,Using and Evaluating Quantum Computing for Information Retrieval and Recommender Systems,0,133,tutorial,59.9
234,Self-Referential Review: Exploring the Impact of Self-Reference Effect in Review,0,132,short-paper,60.15
235,Hierarchical Semantics Alignment for 3D Human Motion Retrieval,0,131,research-article,60.41
236,Explainability for Transparent Conversational Information-Seeking,1,129,research-article,60.67
236,Exploring the Individuality and Collectivity of Intents behind Interactions for Graph Collaborative Filtering,0,129,research-article,60.67
238,Information Diffusion Prediction via Cascade-Retrieved In-context Learning,0,128,short-paper,61.18
239,CIQA: A Coding Inspired Question Answering Model,0,126,research-article,61.44
239,ReNeuIR at SIGIR 2024: The Third Workshop on Reaching Efficiency in Neural Information Retrieval,0,126,short-paper,61.44
239,COMI: COrrect and MItigate Shortcut Learning Behavior in Deep Neural Networks,0,126,research-article,61.44
242,DeCoCDR: Deployable Cloud-Device Collaboration for Cross-Domain Recommendation,0,125,research-article,62.21
243,SCM4SR: Structural Causal Model-based Data Augmentation for Robust Session-based Recommendation,0,124,short-paper,62.47
243,The Impact of Group Membership Bias on the Quality and Fairness of Exposure in Ranking,0,124,research-article,62.47
243,A Reproducibility Study of PLAID,0,124,research-article,62.47
246,Treatment Effect Estimation for User Interest Exploration on Recommender Systems,0,122,research-article,63.24
247,AgentIR: 1st Workshop on Agent-based Information Retrieval,0,121,short-paper,63.5
248,NFARec: A Negative Feedback-Aware Recommender Model,0,120,research-article,63.75
248,Negative as Positive: Enhancing Out-of-distribution Generalization for Graph Contrastive Learning,0,120,short-paper,63.75
248,Adaptive Fair Representation Learning for Personalized Fairness in Recommendations via Information Alignment,0,120,research-article,63.75
248,PLAID SHIRTTT for Large-Scale Streaming Dense Retrieval,0,120,short-paper,63.75
252,TextData: Save What You Know and Find What You Don't,0,119,short-paper,64.78
252,CaseLink: Inductive Graph Learning for Legal Case Retrieval,0,119,research-article,64.78
252,Explicitly Integrating Judgment Prediction with Legal Document Retrieval: A Law-Guided Generative Approach,0,119,research-article,64.78
255,USimAgent: Large Language Models for Simulating Search Users,0,118,short-paper,65.55
255,Enhanced Packed Marker with Entity Information for Aspect Sentiment Triplet Extraction,0,118,research-article,65.55
257,Distillation for Multilingual Information Retrieval,0,117,short-paper,66.07
257,Untargeted Adversarial Attack on Knowledge Graph Embeddings,0,117,research-article,66.07
259,Intent Distribution based Bipartite Graph Representation Learning,0,116,research-article,66.58
259,Label Hierarchical Structure-Aware Multi-Label Few-Shot Intent Detection via Prompt Tuning,0,116,short-paper,66.58
259,Lightweight Embeddings for Graph Collaborative Filtering,0,116,research-article,66.58
262,Unmasking Privacy: A Reproduction and Evaluation Study of Obfuscation-based Perturbation Techniques for Collaborative Filtering,0,115,research-article,67.35
262,Efficient Community Search Based on Relaxed k-Truss Index,0,115,research-article,67.35
264,MealRec+: A Meal Recommendation Dataset with Meal-Course Affiliation for Personalization and Healthiness,0,113,research-article,67.87
265,SM-RS: Single- and Multi-Objective Recommendations with Contextual Impressions and Beyond-Accuracy Propensity Scores,0,112,research-article,68.12
265,Turbo-CF: Matrix Decomposition-Free Graph Filtering for Fast Recommendation,0,112,short-paper,68.12
265,MACA: Memory-aided Coarse-to-fine Alignment for Text-based Person Search,1,112,short-paper,68.12
268,MTMS: Multi-teacher Multi-stage Knowledge Distillation for Reasoning-Based Machine Reading Comprehension,0,111,research-article,68.89
269,SLH-BIA: Short-Long Hawkes Process for Buy It Again Recommendations at Scale,0,110,short-paper,69.15
269,RLStop: A Reinforcement Learning Stopping Method for TAR,0,110,short-paper,69.15
269,BRB-KMeans: Enhancing Binary Data Clustering for Binary Product Quantization,0,110,short-paper,69.15
269,AutoDCS: Automated Decision Chain Selection in Deep Recommender Systems,0,110,research-article,69.15
273,Relevance Feedback Method For Patent Searching Using Vector Subspaces,0,109,short-paper,70.18
273,Graded Relevance Scoring of Written Essays with Dense Retrieval,0,109,research-article,70.18
273,Memory-Efficient Deep Recommender Systems using Approximate Rotary Compositional Embedding,0,109,short-paper,70.18
276,YAGO 4.5: A Large and Clean Knowledge Base with a Rich Taxonomy,0,108,research-article,70.95
276,GUITAR: Gradient Pruning toward Fast Neural Ranking,0,108,research-article,70.95
276,EASE-DR: Enhanced Sentence Embeddings for Dense Retrieval,0,108,short-paper,70.95
279,Counterfactual Augmentation for Robust Authorship Representation Learning,0,107,short-paper,71.72
280,Course Recommender Systems Need to Consider the Job Market,0,106,research-article,71.98
280,Uncontextualized significance considered dangerous,0,106,research-article,71.98
282,Fair Recommendations with Limited Sensitive Attributes: A Distributionally Robust Optimization Approach,0,104,research-article,72.49
283,Enhancing Task Performance in Continual Instruction Fine-tuning Through Format Uniformity,0,101,short-paper,72.75
283,Improving the Accuracy of Locally Differentially Private Community Detection by Order-consistent Data Perturbation,0,101,research-article,72.75
285,Language Fairness in Multilingual Information Retrieval,0,100,short-paper,73.26
285,Instruction-based Hypergraph Pretraining,0,100,research-article,73.26
285,The Surprising Effectiveness of Rankers trained on Expanded Queries,0,100,short-paper,73.26
288,Boosting Conversational Question Answering with Fine-Grained Retrieval-Augmentation and Self-Check,0,99,short-paper,74.04
288,CIRAL: A Test Collection for CLIR Evaluations in African Languages,0,99,research-article,74.04
290,ScienceDirect Topic Pages: A Knowledge Base of Scientific Concepts Across Various Science Domains,0,97,short-paper,74.55
290,TriviaHG: A Dataset for Automatic Hint Generation from Factoid Questions,0,97,research-article,74.55
290,Optimizing E-commerce Search: Toward a Generalizable and Rank-Consistent Pre-Ranking Model,0,97,short-paper,74.55
290,QuanTemp: A real-world open-domain benchmark for fact-checking numerical claims,1,97,research-article,74.55
294,Browsing and Searching Metadata of TREC,0,96,research-article,75.58
294,To Search or to Recommend: Predicting Open-App Motivation with Neural Hawkes Process,0,96,research-article,75.58
296,CoSearchAgent: A Lightweight Collaborative Search Agent with Large Language Models,0,95,short-paper,76.09
296,A Taxation Perspective for Fair Re-ranking,0,95,research-article,76.09
296,The Treatment of Ties in Rank-Biased Overlap,0,95,research-article,76.09
299,I3: Intent-Introspective Retrieval Conditioned on Instructions,0,94,research-article,76.86
299,CaDRec: Contextualized and Debiased Recommender Model,0,94,research-article,76.86
301,Poisoning Decentralized Collaborative Recommender System and Its Countermeasures,4,93,research-article,77.38
301,ECAT: A Entire space Continual and Adaptive Transfer Learning Framework for Cross-Domain Recommendation,0,93,short-paper,77.38
303,OEHR: An Orthopedic Electronic Health Record Dataset,0,92,research-article,77.89
304,MKV: Mapping Key Semantics into Vectors for Rumor Detection,0,91,short-paper,78.15
304,JDivPS: A Diversified Product Search Dataset,0,91,research-article,78.15
306,TouchUp-G: Improving Feature Representation through Graph-Centric Finetuning,0,90,short-paper,78.66
306,High Recall Retrieval Via Technology-Assisted Review,0,90,tutorial,78.66
308,Estimating the Hessian Matrix of Ranking Objectives for Stochastic Learning to Rank with Gradient Boosted Trees,0,89,short-paper,79.18
308,Are Embeddings Enough? SIRIP Panel on the Future of Embeddings in Industry IR Systems,0,89,short-paper,79.18
308,"The Second Workshop on Large Language Models for Individuals, Groups, and Society",0,89,short-paper,79.18
311,SpherE: Expressive and Interpretable Knowledge Graph Embedding for Set Retrieval,0,88,short-paper,79.95
311,ACE-2005-PT: Corpus for Event Extraction in Portuguese,0,88,research-article,79.95
311,Bi-Objective Negative Sampling for Sensitivity-Aware Search,0,88,short-paper,79.95
311,A Unified Search and Recommendation Framework Based on Multi-Scenario Learning for Ranking in E-commerce,0,88,short-paper,79.95
311,Scenario-Adaptive Fine-Grained Personalization Network: Tailoring User Behavior Representation to the Scenario Context,0,88,research-article,79.95
316,A Dual-Embedding Based DQN for Worker Recruitment in Spatial Crowdsourcing with Social Network,0,87,research-article,81.23
317,Distance Sampling-based Paraphraser Leveraging ChatGPT for Text Data Manipulation,0,85,short-paper,81.49
317,Recent Advances in Generative Information Retrieval,0,85,tutorial,81.49
317,Bootstrap Deep Metric for Seed Expansion in Attributed Networks,0,85,research-article,81.49
320,"Large Language Models Based Stemming for Information Retrieval: Promises, Pitfalls and Failures",0,84,short-paper,82.26
320,A Surprisingly Simple yet Effective Multi-Query Rewriting Method for Conversational Passage Retrieval,0,84,short-paper,82.26
320,A Study on Unsupervised Question and Answer Generation for Legal Information Retrieval and Precedents Understanding,0,84,short-paper,82.26
320,Graph-Based Audience Expansion Model for Marketing Campaigns,0,84,short-paper,82.26
320,CaLa: Complementary Association Learning for Augmenting Comoposed Image Retrieval,0,84,research-article,82.26
325,FactCheck Editor: Multilingual Text Editor with End-to-End fact-checking,0,83,short-paper,83.55
325,Contextualization with SPLADE for High Recall Retrieval,0,83,short-paper,83.55
327,Resources for Brewing BEIR: Reproducible Reference Models and Statistical Analyses,1,81,research-article,84.06
328,Short Video Ordering via Position Decoding and Successor Prediction,0,80,research-article,84.32
329,PromptLink: Leveraging Large Language Models for Cross-Source Biomedical Concept Linking,0,79,short-paper,84.58
329,Interest Clock: Time Perception in Real-Time Streaming Recommendation System,0,79,short-paper,84.58
329,Modeling Scholarly Collaboration and Temporal Dynamics in Citation Networks for Impact Prediction,0,79,short-paper,84.58
332,Enhancing Baidu Multimodal Advertisement with Chinese Text-to-Image Generation via Bilingual Alignment and Caption Synthesis,0,78,short-paper,85.35
333,Grasping Both Query Relevance and Essential Content for Query-focused Summarization,0,77,short-paper,85.6
333,ReCODE: Modeling Repeat Consumption with Neural ODE,0,77,short-paper,85.6
333,TREC iKAT 2023: A Test Collection for Evaluating Conversational and Interactive Knowledge Assistants,0,77,research-article,85.6
333,A Preference-oriented Diversity Model Based on Mutual-information in Re-ranking for E-commerce Search,0,77,short-paper,85.6
337,LeCaRDv2: A Large-Scale Chinese Legal Case Retrieval Dataset,0,76,research-article,86.63
337,"""Ask Me Anything"": How Comcast Uses LLMs to Assist Agents in Real Time",0,76,short-paper,86.63
337,Query Performance Prediction for Conversational Search and Beyond,1,76,abstract,86.63
337,SynDy: Synthetic Dynamic Dataset Generation Framework for Misinformation Tasks,0,76,short-paper,86.63
337,Prediction of the Realisation of an Information Need: An EEG Study,0,76,short-paper,86.63
342,Analyzing and Mitigating Repetitions in Trip Recommendation,0,75,short-paper,87.92
343,Systematic Evaluation of Neural Retrieval Models on the TouchÃ© 2020 Argument Retrieval Subset of BEIR,1,74,research-article,88.17
343,ACORDAR 2.0: A Test Collection for Ad Hoc Dataset Retrieval with Densely Pooled Datasets and Question-Style Queries,0,74,research-article,88.17
345,Personalized Large Language Models through Parameter Efficient Fine-Tuning Techniques,0,73,abstract,88.69
346,JPEC: A Novel Graph Neural Network for Competitor Retrieval in Financial Knowledge Graphs,0,72,short-paper,88.95
346,Clinical Trial Retrieval via Multi-grained Similarity Learning,0,72,short-paper,88.95
348,Reflections on the Coding Ability of LLMs for Analyzing Market Research Surveys,0,71,short-paper,89.46
348,ModelGalaxy: A Versatile Model Retrieval Platform,0,71,short-paper,89.46
348,Enhancing Criminal Case Matching through Diverse Legal Factors,0,71,short-paper,89.46
351,R-ODE: Ricci Curvature Tells When You Will be Informed,0,70,short-paper,90.23
351,An Integrated Data Processing Framework for Pretraining Foundation Models,0,70,short-paper,90.23
351,Weighted KL-Divergence for Document Ranking Model Refinement,0,70,short-paper,90.23
351,Towards Ethical Item Ranking: A Paradigm Shift from User-Centric to Item-Centric Approaches,0,70,short-paper,90.23
351,Detecting and Explaining Emotions in Video Advertisements,0,70,short-paper,90.23
356,Event Grounded Criminal Court View Generation with Cooperative (Large) Language Models,0,68,research-article,91.52
356,Instruction-Guided Bullet Point Summarization of Long Financial Earnings Call Transcripts,0,68,short-paper,91.52
358,Analyzing Fusion Methods Using the Condorcet Rule,0,67,short-paper,92.03
358,FedUD: Exploiting Unaligned Data for Cross-Platform Federated Click-Through Rate Prediction,0,67,short-paper,92.03
358,Question Suggestion for Conversational Shopping Assistants Using Product Metadata,2,67,short-paper,92.03
361,International Workshop on Algorithmic Bias in Search and Recommendation (BIAS),0,66,short-paper,92.8
362,Deep Automated Mechanism Design for Integrating Ad Auction and Allocation in Feed,0,64,research-article,93.06
363,A Predictive Framework for Query Reformulation,0,61,abstract,93.32
363,A Large-scale Offer Alignment Model for Partitioning Filtering and Matching Product Offers,0,61,short-paper,93.32
363,ArabicaQA: A Comprehensive Dataset for Arabic Question Answering,1,61,research-article,93.32
366,Convex Feature Embedding for Face and Voice Association,0,60,short-paper,94.09
366,ChroniclingAmericaQA: A Large-scale Question Answering Dataset based on Historical American Newspaper Pages,0,60,research-article,94.09
368,Monitoring the Evolution of Behavioural Embeddings in Social Media Recommendation,0,57,short-paper,94.6
369,Dense Retrieval with Continuous Explicit Feedback for Systematic Review Screening Prioritisation,0,55,short-paper,94.86
370,MANILA24: SIGIR 2024 Workshop on Information Retrieval and Climate Impact,0,54,short-paper,95.12
370,Towards a Framework for Legal Case Retrieval,0,54,abstract,95.12
370,SIGIR 2024 Workshop on Simulations for Information Access (Sim4IA 2024),0,54,short-paper,95.12
370,SIGIR 2024 Workshop on eCommerce (ECOM24),0,54,short-paper,95.12
374,GOLF: Goal-Oriented Long-term liFe tasks supported by human-AI collaboration,0,53,abstract,96.14
374,LADy ðŸ’ƒ: A Benchmark Toolkit for Latent Aspect Detection Enriched with Backtranslation Augmentation,0,53,research-article,96.14
376,Faster Learned Sparse Retrieval with Block-Max Pruning,0,51,short-paper,96.66
377,ConvLogRecaller: Real-Time Conversational Lifelog Recaller,0,50,short-paper,96.92
377,Third Workshop on Personalization and Recommendations in Search (PaRiS),0,50,short-paper,96.92
379,Shadowfax: Harnessing Textual Knowledge Base Population,0,48,short-paper,97.43
380,Searching for Physical Documents in Archival Repositories,0,46,short-paper,97.69
380,5th Workshop on Patent Text Mining and Semantic Technologies (PatentSemTech2024),0,46,short-paper,97.69
382,Disentangling Instructive Information from Ranked Multiple Candidates for Multi-Document Scientific Summarization,0,45,research-article,98.2
383,CWRCzech: 100M Query-Document Czech Click Dataset and Its Application to Web Relevance Ranking,0,44,research-article,98.46
384,From Text to Context: An Entailment Approach for News Stakeholder Classification,0,43,short-paper,98.71
384,Embark on DenseQuest: A System for Selecting the Best Dense Retriever for a Custom Collection,1,43,short-paper,98.71
386,Axiomatic Guidance for Efficient and Controlled Neural Search,0,41,abstract,99.23
387,On Backbones and Training Regimes for Dense Retrieval in African Languages,0,38,short-paper,99.49
388,Machine Generated Explanations and Their Evaluation,0,31,abstract,99.74
389,Mosaicing Prevention in Declassification,0,26,abstract,100.0
